municipality,canton
שעב,0
משהד,0
ריינה,0
לקיה,0
שגב שלום,0
יפיע,0
ג'דיידה-מכר,0
כאבול,0
טורעאן,0
אעבלין,0
בועיינה-נוג'ידאת,0
דיר אל-אסד,0
כאוכב אבו אל-היג'א,0
מעיליא,0
שפרעם,0
"בסמ""ה",0
כפר קרע,0
טמרה,0
ביר אל-מכסור,0
אל-בטוף,0
בוסתאן אל-מרג',0
כפר כנא,0
כפר ברא,0
נווה מדבר,0
כסייפה,0
נצרת,0
עין מאהל,0
ג'ת,0
אכסאל,0
טייבה,0
בענה,0
ערערה,0
מעלה עירון,0
רהט,0
עילוט,0
חורה,0
כפר קאסם,0
ערערה בנגב,0
זמר,0
תל שבע,0
פוריידיס,0
ג'סר א-זרקא,0
כפר מנדא,0
כפר יאסיף,0
ג'לג'וליה,0
אל קסום,0
דיר חנא,0
טירה,0
נחף,0
מג'ד אל-כרום,0
דבוריה,0
אום אל-פחם,0
בסמת טבעון,0
קלנסווה,0
באקה אל גרבייה,0
עראבה,0
סח'נין,0
מזרעה,0
אבו גוש,0
ירוחם,1
רמלה,1
אופקים,1
בית ג'ן,1
פרדסיה,1
אלעד,1
בני שמעון,1
אבן יהודה,1
נתניה,1
בני ברק,1
עומר,1
גבעת שמואל,1
אשדוד,1
שהם,1
אור יהודה,1
רמת נגב,1
שער הנגב,1
חוף השרון,1
רמת השרון,1
שדרות,1
בת ים,1
להבים,1
קדימה - צורן,1
הרצליה,1
ראשון לציון,1
הוד השרון,1
קרית יערים,1
לב השרון,1
נתיבות,1
גן יבנה,1
מודיעין-מכבים-רעות,1
חבל אילות,1
מטה יהודה,1
שפיר,1
ראש העין,1
גבעתיים,1
ערד,1
גן רוה,1
פתח תקווה,1
מזכרת בתיה,1
ברנר,1
באר יעקב,1
רחובות,1
גזר,1
באר טוביה,1
לכיש,1
דרום השרון,1
עמק חפר,1
מבשרת ציון,1
אילת,1
ירושלים,1
תל אביב -יפו,1
קרית עקרון,1
חולון,1
יואב,1
כפר סבא,1
כוכב יאיר,1
"בני עי""ש",1
גדרה,1
רמת גן,1
נס ציונה,1
מצפה רמון,1
תל מונד,1
אזור,1
כפר יונה,1
יבנה,1
קרית גת,1
קרית מלאכי,1
באר שבע,1
דימונה,1
גדרות,1
מרחבים,1
לוד,1
נחל שורק,1
דאלית אל-כרמל,1
קרית אונו,1
יהוד -מונסון,1
שדות נגב,1
תמר,1
הערבה התיכונה,1
עוספייא,1
חבל יבנה,1
רעננה,1
סביון,1
אשכול,1
כפר שמריהו,1
מיתר,1
חבל מודיעין,1
בית שמש,1
גני תקווה,1
בית דגן,1
אשקלון,1
חוף אשקלון,1
רכסים,1
קרית טבעון,2
ראמה,2
סאג'ור,2
טובא-זנגריה,2
ע'ג'ר,2
מעלה יוסף,2
טבריה,2
פסוטה,2
חיפה,2
יאנוח - ג'ת,2
עילבון,2
יקנעם עילית,2
חדרה,2
אלונה,2
נשר,2
הגלבוע,2
פקיעין (בוקייעה),2
עכו,2
רמת ישי,2
עין קיניה,2
עמק יזרעאל,2
אליכין,2
עמק המעיינות,2
חורפיש,2
ג'וליס,2
פרדס חנה - כרכור,2
זבולון,2
מנשה,2
הגליל העליון,2
כפר כמא,2
מגידו,2
קרית אתא,2
מגדל העמק,2
עפולה,2
מרום הגליל,2
משגב,2
צפת,2
קצרין,2
כפר תבור,2
אור עקיבא,2
מטה אשר,2
הגליל התחתון,2
שלומי,2
כרמיאל,2
מסעדה,2
קרית שמונה,2
קרית ביאליק,2
גולן,2
מבואות החרמון,2
אבו סנאן,2
בית שאן,2
מטולה,2
בוקעאתא,2
עמק הירדן,2
גוש חלב (ג'יש),2
חריש,2
כעביה - טבאש - חג'אג'רה,2
קרית מוצקין,2
יסוד המעלה,2
חצור הגלילית,2
מג'אר,2
קרית ים,2
כפר ורדים,2
זכרון יעקב,2
יבנאל,2
מג'דל שמס,2
ירכא,2
בנימינה - גבעת עדה,2
טירת כרמל,2
מעלות-תרשיחא,2
חוף הכרמל,2
נהריה,2
מגדל,2
ראש פינה,2
זרזיר,2
כסרא - סמיע,2
