municipality,canton
אבו גוש,0
אבו סנאן,0
אבן יהודה,1
אום אל-פחם,0
אופקים,2
אור יהודה,2
אור עקיבא,2
אזור,4
אילת,2
אכסאל,0
אל קסום,0
אל-בטוף,0
אלונה,1
אליכין,2
אלעד,3
אעבלין,0
אשדוד,2
אשכול,1
אשקלון,2
באקה אל גרבייה,0
באר טוביה,4
באר יעקב,4
באר שבע,2
בוסתאן אל-מרג',0
בועיינה-נוג'ידאת,0
בוקעאתא,4
ביר אל-מכסור,0
בית ג'ן,1
בית דגן,2
בית שאן,2
בית שמש,3
בני ברק,3
"בני עי""ש",2
בני שמעון,1
בנימינה - גבעת עדה,1
"בסמ""ה",0
בסמת טבעון,0
בענה,0
ברנר,1
בת ים,2
ג'דיידה-מכר,0
ג'וליס,1
ג'לג'וליה,0
ג'סר א-זרקא,0
ג'ת,0
גבעת שמואל,4
גבעתיים,1
גדרה,4
גדרות,1
גולן,1
גוש חלב (ג'יש),0
גזר,4
גן יבנה,4
גן רוה,1
גני תקווה,1
דאלית אל-כרמל,1
דבוריה,0
דימונה,2
דיר אל-אסד,0
דיר חנא,0
דרום השרון,1
הגלבוע,4
הגליל העליון,1
הגליל התחתון,4
הוד השרון,1
הערבה התיכונה,1
הרצליה,1
זבולון,1
זכרון יעקב,1
זמר,0
זרזיר,0
חבל אילות,1
חבל יבנה,2
חבל מודיעין,4
חדרה,4
חולון,4
חוף אשקלון,4
חוף הכרמל,1
חוף השרון,1
חורה,0
חורפיש,1
חיפה,4
חצור הגלילית,2
חריש,4
טבריה,2
טובא-זנגריה,0
טורעאן,0
טייבה,0
טירה,0
טירת כרמל,2
טמרה,0
יאנוח - ג'ת,4
יבנאל,2
יבנה,4
יהוד -מונסון,4
יואב,1
יסוד המעלה,1
יפיע,0
יקנעם עילית,4
ירוחם,2
ירושלים,3
ירכא,4
כאבול,0
כאוכב אבו אל-היג'א,0
כוכב יאיר,1
כסייפה,0
כסרא - סמיע,4
כעביה - טבאש - חג'אג'רה,0
כפר ברא,0
כפר ורדים,1
כפר יאסיף,0
כפר יונה,4
כפר כמא,1
כפר כנא,0
כפר מנדא,0
כפר סבא,1
כפר קאסם,0
כפר קרע,0
כפר שמריהו,1
כפר תבור,1
כרמיאל,4
לב השרון,1
להבים,1
לוד,2
לכיש,4
לקיה,0
מבואות החרמון,4
מבשרת ציון,4
מג'אר,0
מג'ד אל-כרום,0
מג'דל שמס,1
מגדל,2
מגדל העמק,2
מגידו,1
מודיעין-מכבים-רעות,1
מזכרת בתיה,4
מזרעה,0
מטה אשר,1
מטה יהודה,4
מטולה,1
מיתר,4
מנשה,1
מסעדה,4
מעיליא,0
מעלה יוסף,2
מעלה עירון,0
מעלות-תרשיחא,2
מצפה רמון,4
מרום הגליל,2
מרחבים,2
משגב,1
משהד,0
נהריה,2
נווה מדבר,0
נחל שורק,3
נחף,0
נס ציונה,1
נצרת,0
נשר,4
נתיבות,2
נתניה,2
סאג'ור,4
סביון,1
סח'נין,0
ע'ג'ר,4
עומר,1
עוספייא,1
עילבון,0
עילוט,0
עין מאהל,0
עין קיניה,4
עכו,2
עמק הירדן,1
עמק המעיינות,4
עמק חפר,1
עמק יזרעאל,1
עפולה,2
עראבה,0
ערד,4
ערערה,0
ערערה בנגב,0
פוריידיס,0
פסוטה,0
פקיעין (בוקייעה),4
פרדס חנה - כרכור,4
פרדסיה,1
פתח תקווה,4
צפת,2
קדימה - צורן,1
קלנסווה,0
קצרין,4
קרית אונו,1
קרית אתא,2
קרית ביאליק,4
קרית גת,2
קרית טבעון,1
קרית ים,2
קרית יערים,3
קרית מוצקין,4
קרית מלאכי,2
קרית עקרון,2
קרית שמונה,2
ראמה,0
ראש העין,4
ראש פינה,1
ראשון לציון,4
רהט,0
רחובות,4
ריינה,0
רכסים,3
רמלה,2
רמת גן,1
רמת השרון,1
רמת ישי,1
רמת נגב,1
רעננה,1
שגב שלום,0
שדות נגב,2
שדרות,2
שהם,1
שלומי,2
שעב,0
שער הנגב,1
שפיר,2
שפרעם,0
תל אביב -יפו,1
תל מונד,1
תל שבע,0
תמר,1
